id,Carnet,Nombre,Apellido,Telefono,Direccion,Correo,Contrasena
14,594444494,Clarisse,Garred,631-806-6024,58462 Golden Leaf Junction,cgarredd@mail.ru,bases1
15,956691071,Monah,Ysson,536-307-7702,7003 Hudson Plaza,myssone@sohu.com,basesgg
16,866603837,Dusty,De Clairmont,671-196-3168,0713 Helena Crossing,ddeclairmontf@youtube.com,basesgg
17,787368064,Laure,Gogie,658-593-9172,73 Tony Drive,lgogieg@ycombinator.com,bases1
18,786644864,Viva,Meeland,746-817-8609,7 Nelson Crossing,vmeelandh@huffingtonpost.com,bases1
19,727665439,Parsifal,Stains,963-315-3277,6 Kedzie Parkway,pstainsi@netvibes.com,bases1
20,137364982,Debbi,Jarad,867-167-3945,221 Springview Way,djaradj@elpais.com,bases1
21,247878291,Efren,Shillabeare,706-245-8196,6932 Monterey Circle,eshillabearek@smh.com.au,bases1
22,692522337,Kincaid,Caghan,966-395-6983,5827 Hollow Ridge Court,kcaghanl@cbc.ca,bases1
23,155812111,Darell,Besse,653-518-6173,63291 Surrey Pass,dbessem@tinyurl.com,basesgg
24,643469404,Vitoria,Poulter,749-235-8305,034 Grim Junction,vpoultern@ezinearticles.com,basesgg
25,804702249,Lilllie,Boays,469-724-5024,4 Jenifer Road,lboayso@wufoo.com,basesgg
26,822961705,Georg,Bakey,264-311-7612,7579 Monterey Plaza,gbakeyp@diigo.com,bases1
27,997401474,Diannne,Francom,931-973-4800,85 Macpherson Avenue,dfrancomq@geocities.com,basesgg
28,393094679,Collen,Briskey,821-444-1408,81 Golf Course Lane,cbriskeyr@bravesites.com,basesgg
29,138403411,Tani,Tomkowicz,842-690-4745,7917 Eggendart Lane,ttomkowiczs@indiatimes.com,bases1
30,746131202,Bowie,Errichelli,955-325-5935,820 Mcguire Center,berrichellit@over-blog.com,bases1
31,438230959,Rodina,Carnock,366-584-3400,78 Cardinal Crossing,rcarnocku@admin.ch,basesgg
32,202557801,Ilyssa,Cull,219-271-0375,5 Roth Point,icullv@woothemes.com,basesgg
33,976003760,Rozalie,Heatherington,828-654-9972,85506 Grover Drive,rheatheringtonw@etsy.com,bases1
34,508988138,Ira,Artin,101-536-2509,190 Norway Maple Hill,iartinx@freewebs.com,bases1
35,103444047,Brandice,Doncaster,340-777-3931,0 Del Mar Drive,bdoncastery@flavors.me,bases1
36,596304974,Spenser,Hasnip,635-185-4854,34236 Dorton Pass,shasnipz@behance.net,basesgg
37,287902938,Lyon,Potteril,131-385-6860,24 Messerschmidt Terrace,lpotteril10@com.com,basesgg
38,703310479,Hatti,Ketch,628-141-8278,884 Melody Junction,hketch11@edublogs.org,bases1
39,346912573,Kristina,Giovanizio,329-190-2487,36236 Colorado Parkway,kgiovanizio12@geocities.com,basesgg
40,301049835,Sosanna,Pople,747-721-4829,90 Sheridan Parkway,spople13@independent.co.uk,bases1
41,894925821,Lynn,Stonuary,148-550-5594,88146 Bay Plaza,lstonuary14@flickr.com,bases1
42,800689085,Larry,Rountree,471-219-7726,035 Westport Crossing,lrountree15@woothemes.com,basesgg
43,232130756,Costa,Draper,422-123-7372,630 Thierer Circle,cdraper16@wikispaces.com,bases1
44,730699131,Hewie,McCrea,244-695-8964,6807 Troy Avenue,hmccrea17@ucsd.edu,bases1
45,529744801,Freddie,Markushkin,509-743-7765,75305 Alpine Park,fmarkushkin18@businessinsider.com,bases1
46,284858283,Osborne,Wride,569-199-6196,96984 Veith Place,owride19@weebly.com,bases1
47,432771183,Tabb,Gooderham,143-616-6752,3 Crest Line Plaza,tgooderham1a@npr.org,bases1
48,837977364,Lindsey,Eard,168-507-8669,93 Arrowood Hill,leard1b@amazon.co.uk,bases1
49,791887156,Urbanus,Dinse,529-436-0499,64827 Dwight Court,udinse1c@usa.gov,basesgg
50,553926575,Cindy,Sandars,623-362-7998,84 Old Gate Center,csandars1d@psu.edu,basesgg
51,417526602,Scottie,Blabber,693-851-8850,8 Hooker Street,sblabber1e@eepurl.com,bases1
52,317581188,Nickolaus,Nickell,134-529-8687,97 Washington Drive,nnickell1f@aboutads.info,bases1
53,261160333,Brietta,Hollibone,461-167-9139,3691 Amoth Drive,bhollibone1g@skype.com,bases1
54,495337776,Irene,Litster,178-764-9181,7 Acker Alley,ilitster1h@wufoo.com,basesgg
55,467796935,Gerry,Van den Oord,881-625-1471,8 Anzinger Pass,gvandenoord1i@ovh.net,bases1
56,304299143,Arel,Finci,988-693-2394,83 Stephen Crossing,afinci1j@wp.com,basesgg
57,607686458,Meredith,Stolberg,587-742-1428,6175 Golf Street,mstolberg1k@hp.com,basesgg
58,222674766,Kora,Letham,756-507-2199,9722 Meadow Vale Drive,kletham1l@springer.com,basesgg
59,940191854,Casi,Yurchenko,538-481-5413,533 Moulton Road,cyurchenko1m@amazon.co.jp,bases1
60,199598151,Lacy,Wyche,390-200-5666,30864 Kenwood Way,lwyche1n@biblegateway.com,basesgg
61,351973554,Yasmin,March,180-691-6053,07 High Crossing Circle,ymarch1o@goo.ne.jp,bases1
62,580441754,Shaughn,Lashley,727-469-9650,56 Mariners Cove Trail,slashley1p@bravesites.com,basesgg
63,146063547,Gretal,Picton,673-529-6695,4 Colorado Court,gpicton1q@goodreads.com,basesgg
64,561096841,Symon,Larkin,164-683-6002,3974 Paget Crossing,slarkin1r@theatlantic.com,bases1
65,809042848,Lilias,Donn,593-908-2404,8314 Gina Place,ldonn1s@bandcamp.com,basesgg
66,129377388,Charyl,Hugues,719-335-3447,4368 Holy Cross Road,chugues1t@tinypic.com,basesgg
67,802759413,Vail,Winslett,371-710-6125,940 Pankratz Park,vwinslett1u@jiathis.com,basesgg
68,895503937,Flossie,Hurdman,277-567-4421,5 Straubel Drive,fhurdman1v@uiuc.edu,basesgg
69,657456432,Gaven,Pusey,389-925-5986,60 Becker Crossing,gpusey1w@rambler.ru,bases1
70,900115287,Jennine,Biggen,929-453-6628,8 Helena Park,jbiggen1x@list-manage.com,bases1
71,572154064,Becki,Valentin,445-503-7077,6124 Schurz Trail,bvalentin1y@cdbaby.com,basesgg
72,851929690,Urbano,Pizzey,798-201-0696,8 Ruskin Center,upizzey1z@w3.org,basesgg
73,856112438,Kasey,Callicott,703-935-5681,4 Springs Way,kcallicott20@baidu.com,basesgg
74,297351157,Britni,Guinane,512-811-6136,49 Coleman Alley,bguinane21@opera.com,bases1
75,288913978,Dannie,Buncombe,512-486-7226,5 Arizona Hill,dbuncombe22@walmart.com,basesgg
76,365988290,Ilene,O'Heyne,866-386-0096,85 Portage Way,ioheyne23@tiny.cc,basesgg
77,267640138,Claiborn,Gainfort,667-527-1964,2 Division Way,cgainfort24@princeton.edu,bases1
78,123253658,Donella,Shortan,689-919-2054,496 Lyons Drive,dshortan25@hubpages.com,basesgg
79,273264869,Gerti,Pacey,940-559-5005,74794 Utah Center,gpacey26@bbb.org,bases1
80,316887680,Joanne,Schettini,803-964-8632,7185 Bultman Way,jschettini27@vistaprint.com,basesgg
81,339419145,Alard,Britee,705-763-3034,398 Sunnyside Alley,abritee28@google.fr,basesgg
82,294729055,Viv,Jursch,802-857-1212,1485 John Wall Circle,vjursch29@163.com,basesgg
83,643247861,Casey,Gilham,398-922-5663,4816 Independence Way,cgilham2a@youtu.be,basesgg
84,700068552,Leslie,Lea,947-316-4329,64693 Debra Center,llea2b@blogspot.com,bases1
85,551505013,Rickie,Hurche,247-659-0447,7 Twin Pines Avenue,rhurche2c@symantec.com,basesgg
86,201316580,Merle,Skells,679-366-8884,0294 Starling Circle,mskells2d@tamu.edu,basesgg
87,822123271,Gwyn,Prew,865-741-0373,829 Anhalt Point,gprew2e@census.gov,bases1
88,392739906,Amby,Giacomuzzo,353-209-0229,39324 Arizona Circle,agiacomuzzo2f@wix.com,bases1
89,503977344,Hyacinthie,Stinchcombe,303-724-0950,1173 Ryan Junction,hstinchcombe2g@theguardian.com,basesgg
90,471424152,Jemima,Moro,202-133-7578,43619 Merchant Park,jmoro2h@tiny.cc,basesgg
91,103872419,Alasteir,McGonagle,251-584-9052,152 Homewood Place,amcgonagle2i@virginia.edu,basesgg
92,996498430,Evangelin,Pretsel,169-238-5935,27111 Red Cloud Alley,epretsel2j@independent.co.uk,basesgg
93,805914204,Avictor,Ramalhete,718-774-6932,40 Roth Crossing,aramalhete2k@mayoclinic.com,bases1
94,721360581,Nevin,Sackler,242-916-6865,49 Northland Road,nsackler2l@hubpages.com,bases1
95,650085559,Poppy,Sentinella,431-200-2675,79851 Upham Pass,psentinella2m@a8.net,bases1
96,277126947,Gaylene,MacCallum,519-908-9638,811 Arrowood Terrace,gmaccallum2n@weather.com,basesgg
97,739218395,Gaylene,Ellcome,338-959-0055,43477 Maple Pass,gellcome2o@omniture.com,bases1
98,601135489,Aluino,Twydell,701-252-7262,81 Bonner Avenue,atwydell2p@over-blog.com,bases1
99,264352518,Corey,Polin,313-622-2013,92205 Granby Avenue,cpolin2q@dmoz.org,basesgg
100,594917425,Haywood,Paolino,255-162-0400,614 Crest Line Crossing,hpaolino2r@uiuc.edu,basesgg
101,687733956,Tom,Kinkade,446-285-0434,3 Packers Point,tkinkade2s@mtv.com,basesgg
102,605851424,Carling,Farndon,813-514-1681,72 Anniversary Center,cfarndon2t@auda.org.au,bases1
103,571141427,Lane,Mangam,201-891-9387,44087 Buell Point,lmangam2u@acquirethisname.com,basesgg
104,483250274,Alfie,Swann,855-371-2199,61571 Artisan Road,aswann2v@godaddy.com,basesgg
105,656435644,Andros,Goodall,695-250-2801,1 Nelson Terrace,agoodall2w@bluehost.com,bases1
106,477588828,Susannah,MacVagh,224-908-5199,3610 Parkside Plaza,smacvagh2x@fc2.com,basesgg
107,800728467,Livvy,Jirasek,970-498-6571,320 Cascade Parkway,ljirasek2y@nba.com,basesgg
108,411951576,Etti,Gruby,417-879-1895,08737 Longview Avenue,egruby2z@utexas.edu,bases1
109,367674143,Gabriela,Dunston,652-377-2881,70 Shelley Park,gdunston30@sphinn.com,bases1
110,541730508,Sheila-kathryn,MacAlees,284-524-5877,28014 Springview Pass,smacalees31@columbia.edu,bases1
111,322876192,Kass,Houselee,706-617-8951,105 Hoepker Center,khouselee32@washington.edu,basesgg
112,401374850,Karen,Skeates,890-754-5149,93470 Graceland Road,kskeates33@upenn.edu,basesgg